hamming_distance,count,percentage 
,,
0,6037,82.5516204
,,
1,1250,17.09284835
,,
2,26,0.355531246
,7313,
